ID,Name,Position,Department
37426,Richard Johnson,Analyst,IT
90592,Michael Davis,Designer,Finance
60419,Thomas Brown,Coordinator,Marketing
92334,Richard Davis,Architect,IT
23989,John Davis,Engineer,IT
48579,Robert Doe,Architect,Marketing
30333,Susan Doe,Engineer,Marketing
97787,John Johnson,Engineer,IT
26361,Michael Brown,Developer,IT
14127,Jane Brown,Architect,IT
18345,Patricia Brown,Developer,IT
47173,John Smith,Consultant,Marketing
52113,Susan Wilson,Designer,Finance
16033,Thomas Brown,Architect,HR
07317,Richard Miller,Analyst,Finance
57319,Richard Doe,Developer,IT
50818,Thomas Doe,Designer,Marketing
39018,Sarah Davis,Engineer,Finance
49067,Richard Moore,Administrator,Marketing
62151,Sarah Brown,Consultant,IT
19552,Susan Taylor,Tester,IT
72833,Thomas Wilson,Consultant,HR
90035,Jane Miller,Administrator,HR
50364,Sarah Doe,Designer,HR
21699,Robert Williams,Coordinator,HR
05648,Susan Miller,Architect,Finance
44302,Patricia Miller,Architect,HR
53251,Michael Miller,Coordinator,Finance
83391,Sarah Doe,Architect,HR
67909,Jane Williams,Administrator,IT
52545,Susan Taylor,Designer,IT
35199,John Johnson,Tester,Finance
61876,John Brown,Administrator,Finance
83531,Patricia Davis,Manager,Marketing
58821,Sarah Wilson,Manager,HR
48525,John Johnson,Administrator,Marketing
16562,Susan Doe,Architect,Marketing
11690,Sarah Johnson,Engineer,IT
70455,Michael Doe,Analyst,Finance
04057,Jessica Moore,Administrator,Finance
84437,Patricia Johnson,Designer,Finance
26684,Michael Smith,Analyst,Finance
68564,Susan Brown,Analyst,Marketing
63343,Sarah Moore,Designer,IT
53994,Thomas Moore,Coordinator,Marketing
86513,Thomas Brown,Engineer,Finance
99484,Jane Miller,Architect,Finance
41892,Robert Miller,Designer,Marketing
10976,Robert Davis,Manager,IT
18752,Patricia Taylor,Manager,HR
10110,Susan Doe,Designer,Marketing
65997,Robert Brown,Administrator,HR
54416,Susan Miller,Consultant,HR
03986,Jessica Miller,Developer,Marketing
30098,Thomas Taylor,Engineer,IT
67252,Sarah Moore,Administrator,HR
69963,John Smith,Architect,HR
26758,Robert Miller,Developer,Finance
79226,Jane Miller,Analyst,Finance
83026,Richard Taylor,Coordinator,HR
45617,Michael Doe,Consultant,Marketing
46172,Jane Williams,Coordinator,IT
32017,John Wilson,Coordinator,HR
54484,Jane Taylor,Developer,Finance
51759,Patricia Taylor,Architect,HR
95075,Susan Johnson,Architect,Finance
53131,Susan Davis,Manager,Marketing
11687,Jessica Miller,Coordinator,Finance
35801,Susan Johnson,Administrator,IT
00098,Patricia Miller,Manager,HR
23289,Robert Moore,Designer,HR
26934,Sarah Miller,Designer,HR
12107,Jane Moore,Engineer,IT
89175,Sarah Miller,Architect,Finance
31275,John Taylor,Consultant,HR
77941,Jessica Moore,Consultant,Marketing
66444,Patricia Miller,Engineer,Finance
85667,Jessica Brown,Manager,IT
59565,Robert Wilson,Coordinator,Finance
69754,Sarah Brown,Consultant,HR
08204,Susan Williams,Consultant,Finance
40257,Thomas Smith,Developer,HR
13608,Jessica Miller,Engineer,IT
24847,Susan Williams,Tester,IT
42065,Michael Miller,Tester,HR
19756,Thomas Moore,Designer,Finance
62411,Richard Davis,Developer,HR
26903,Jessica Taylor,Coordinator,HR
13259,Patricia Moore,Administrator,Marketing
55081,Jessica Miller,Architect,IT
66121,Michael Taylor,Tester,HR
60716,Jane Smith,Administrator,HR
82954,Susan Davis,Administrator,HR
19430,Robert Moore,Designer,Marketing
81989,Richard Smith,Administrator,HR
97235,Thomas Williams,Designer,HR
84100,John Doe,Tester,HR
12611,Thomas Brown,Developer,HR
62666,Jessica Moore,Developer,HR
91081,Richard Brown,Architect,HR
